S.NO,ROLE,Full Name ,Department,Linkedin URL 
1,volunteer ,B.Yashvan Chandra Reddy,ACSE-CS,https://linkedin.com/in/yashvan-chandra-314762335
2,Treasurer,Ahmad Fraz,ACSE-CS,https://www.linkedin.com/in/ahmad-fraz-340696380?utm_source=share_via&utm_content=profile&utm_medium=member_android
3,President,Ujwal singh,CSE,https://www.linkedin.com/in/ujwal-singh-56859b338
4,Excutive commite,Kaduduri Abhiram ,ACSE - CS,https://www.linkedin.com/in/kaduduri-abhiram-922830337
5,Media   COORDINATOR,N.sandeep,CSE,www.linkedin.com/in/nidigonda-sandeep-aa032a382
6,Excutive commite,R Ashwik,AIML,www.linkedin.com/in/resu-ashwik-b0043b361
7,Joint secretary ,T.Deepak chand,CSE,https://www.linkedin.com/in/deepak-chand-1718673a8?utm_source=share_via&utm_content=profile&utm_medium=member_android
8,vice president ,Dhanvi Malpani ,CSE,https://www.linkedin.com/in/dhanvi-malpani-560315369?utm_source=share_via&utm_content=profile&utm_medium=member_android
9,Excutive commite,B.Srikar,AIML,https://www.linkedin.com/in/srikar-bommi-16a639395?utm_source=share_via&utm_content=profile&utm_medium=member_android
10,Secretary ,G.Vishnu,CSE,https://www.linkedin.com/in/vishnu-gunda-a242fa04089?utm_source=share_via&utm_content=profile&utm_medium=member_android
11,Executive committee ,D.Siri Vennela ,AIML,https://www.linkedin.com/in/siri-vennela-deverapelli-4ba718375?utm_source=share_via&utm_content=profile&utm_medium=member_android
12,EVENT COORDINATOR,Rupika Singh,CSE,https://www.linkedin.com/in/rupika-singh-1a3b433a6/
13,EVENT Coordinator ,K. Ekshith,CSE,https://www.linkedin.com/in/kongari-ekshith-836520375?utm_source=share_via&utm_content=profile&utm_medium=member_android
14,EVENT COORDINATOR,k.venkateswarareddy,csecs,https://www.linkedin.com/in/venkateswara-reddy-kandi-40b997370
15,volunteer ,Panduri Sai Teja,CSE,https://www.linkedin.com/in/saitejapanduri/
16,volunteer ,Saivendar Challa,CSE,https://www.linkedin.com/in/saivendarchalla/
17,Executive committee ,Madala Rama Lakshmi ,AIML,https://www.linkedin.com/in/ramalakshmi-lucky-216426373
18,volunteer ,T .SRISHWAKSHA,CSE,
19,volunteer ,Shiva sai,CSE,
20,volunteer ,Santosh,ACSE-CS,
21,volunteer ,Hemanth,CSE,
22,volunteer ,Nishant ,ACSE - CS,
23,volunteer ,YUVRAJ,CSE,
24,volunteer ,Manohar pvsm,ACSE,
25,EVENT COORDINATOR,K .LASYA,CSE,
